label,value,statement,statement_confidence,category,category_confidence
DeferredIncomeTaxesAndTaxCredits,"-7,893,000,000",income,0.7014894701856983,comprehensive income,0.10792395291154318
OtherNoncashIncomeExpense,"-1,363,000,000",income,0.572468937728496,operating activities,0.19217214527014378
UnrecognizedTaxBenefitsIncreasesResultingFromCurrentPeriodTaxPositions,"5,252,000,000",income,0.6364023728938334,comprehensive income,0.14369721711439426
VariableLeaseCost,"1,787,000,000",income,0.7138227474093007,Operating Expenses,0.32421805455988284
RevenueFromContractWithCustomerExcludingAssessedTax,"1,853,997,000,000",income,0.6747810846791529,operating activities,0.11682321985540589
InterestPaidNet,"934,000,000",income,0.641986738555953,Operating Expenses,0.1172553392789317
UnrecognizedTaxBenefitsReductionsResultingFromLapseOfApplicableStatuteOfLimitations,"88,000,000",income,0.6557380068537353,comprehensive income,0.12893829420995587
EffectiveIncomeTaxRateReconciliationFdiiPercent,0,income,0.6994618345915035,comprehensive income,0.13536434187051796
UnrecognizedTaxBenefitsIncreasesResultingFromPriorPeriodTaxPositions,"1,063,000,000",income,0.6101888130658213,comprehensive income,0.12792591622392194
LaborAndRelatedExpense,"230,916,000,000",income,0.6719891899706036,Operating Expenses,0.16650599507907177
SharesPaidForTaxWithholdingForShareBasedCompensation,"73,000,000",income,0.7079549174078987,Operating Expenses,0.2435901877745527
AdjustmentsRelatedToTaxWithholdingForShareBasedCompensation,"48,754,000,000",income,0.6838434901988549,Operating Expenses,0.23309325315319715
InterestExpenseNonoperating,"1,346,000,000",income,0.7544409550515395,nonoperating expenses,0.23881187796383696
StockRepurchasedAndRetiredDuringPeriodShares,"318,000,000",cashflow,0.5193567715216292,financing activities,0.2040434304060511
GeneralAndAdministrativeExpense,"32,964,000,000",income,0.7056925976849386,Operating Expenses,0.2553025809403223
IncomeLossFromContinuingOperationsBeforeIncomeTaxesForeign,"12,044,000,000",income,0.7375903932934016,comprehensive income,0.13279194236259848
IncreaseDecreaseInOtherNoncurrentLiabilities,"4,315,000,000",cashflow,0.6324828598466379,operating activities,0.36186004349691386
CapitalExpendituresIncurredButNotYetPaid,"14,551,000,000",income,0.6175997316920573,Operating Expenses,0.11636131837242142
EffectiveIncomeTaxRateReconciliationStateAndLocalIncomeTaxes,0,income,0.7099066371160699,comprehensive income,0.13558818321251961
OtherComprehensiveIncomeLossNetOfTaxPortionAttributableToParent,"-2,404,000,000",income,0.7896469084901163,comprehensive income,0.4546213469687601
NetIncomeLossAttributableToParentDiluted,"124,658,000,000",income,0.7385411552443835,comprehensive income,0.1762250625027151
PaymentsToAcquireMarketableSecurities,"38,150,000,000",cashflow,0.5760730754903598,operating activities,0.2133371936653275
WeightedAverageNumberOfDilutedSharesOutstanding,"7,945,000,000",income,0.721699037706385,earnings per share,0.17642133716293795
IncreaseDecreaseInPrepaidDeferredExpenseAndOtherAssets,"-23,000,000",cashflow,0.592433723224141,operating activities,0.3212252007015755
CashCashEquivalentsRestrictedCashAndRestrictedCashEquivalentsPeriodIncreaseDecreaseIncludingExchangeRateEffect,"28,573,000,000",cashflow,0.6317026030822244,operating activities,0.1294228799744995
EffectiveIncomeTaxRateReconciliationOtherAdjustments,0,income,0.6767537491221438,comprehensive income,0.1513865108106699
NetCashProvidedByUsedInInvestingActivities,"-100,615,000,000",cashflow,0.6228423763932861,investing activities,0.16042187469258037
DeferredStateAndLocalIncomeTaxExpenseBenefit,"-325,000,000",income,0.7226924306243439,Operating Expenses,0.11956424432324231
PaymentsOfDividends,"10,143,000,000",cashflow,0.5491277808908603,financing activities,0.24328224850171862
IncomeLossFromContinuingOperationsBeforeIncomeTaxesExtraordinaryItemsNoncontrollingInterest,"146,910,000,000",income,0.7472576358269772,comprehensive income,0.1165224912605211
NonoperatingIncomeExpense,"1,835,000,000",income,0.7621341054811,nonoperating expenses,0.2933321321716177
ImpairmentOfLongLivedAssetsHeldForUse,"9,683,000,000",income,0.5961134414515535,comprehensive income,0.13534263845484512
DeferredIncomeTaxExpenseBenefit,"-7,883,000,000",income,0.7272584105466894,Operating Expenses,0.11673842407161697
StockIssuedDuringPeriodSharesNewIssues,"119,000,000",income,0.5601006335635307,financing activities,0.1314455575125522
PaymentsRelatedToTaxWithholdingForShareBasedCompensation,"24,377,000,000",income,0.6732000300626226,Operating Expenses,0.23853247866745864
OperatingLeaseCost,"6,307,000,000",income,0.7352321013760982,Operating Expenses,0.3013211235451842
OtherCostAndExpenseOperating,"310,958,000,000",income,0.7186658858559161,Operating Expenses,0.1564197607244445
CurrentIncomeTaxExpenseBenefit,"30,135,000,000",income,0.7358113061552617,Operating Expenses,0.11751155365781815
OperatingIncomeLoss,"290,150,000,000",income,0.7754542807566718,nonoperating expenses,0.13975614164012284
Depreciation,"58,760,000,000",income,0.6984183559993675,Operating Expenses,0.2470102394418577
NetCashProvidedByUsedInOperatingActivities,"212,916,000,000",cashflow,0.5966546853286977,operating activities,0.1811585084598435
CostOfRevenue,"81,369,000,000",income,0.722783391598252,Operating Expenses,0.1187420648257395
CostsAndExpenses,"270,937,000,000",income,0.7166089895360951,Operating Expenses,0.14417618964213263
EffectiveIncomeTaxRateReconciliationForeignIncomeTaxRateDifferential,0,income,0.7050704864815349,comprehensive income,0.1343721357149529
StockRepurchasedAndRetiredDuringPeriodValue,"107,463,000,000",cashflow,0.5330193701690396,financing activities,0.216684145241915
ProceedsFromIssuanceOfLongTermDebt,"28,808,000,000",cashflow,0.5237491532349656,financing activities,0.17551744771235528
WeightedAverageNumberOfSharesOutstandingBasic,"15,590,000,000",income,0.7251877915368635,earnings per share,0.17395196367549257
EarningsPerShareBasic,48,income,0.7245371580223356,earnings per share,0.16676022866264417
NetCashProvidedByUsedInFinancingActivities,"-82,417,000,000",cashflow,0.607117600927555,financing activities,0.18966386281100914
DeferredForeignIncomeTaxExpenseBenefit,"-140,000,000",income,0.7253836372731137,Operating Expenses,0.11586583839569005
IncrementalCommonSharesAttributableToShareBasedPaymentArrangements,"150,000,000",income,0.5246752184755903,disclosures,0.18011858641112655
RightOfUseAssetObtainedInExchangeForOperatingLeaseLiability,"12,520,000,000",cashflow,0.5322423082673493,disclosures,0.2535743039305822
UndistributedEarnings,"119,586,000,000",income,0.5654263169849773,disclosures,0.16842399829383023
IncreaseDecreaseInAccountsReceivable,"3,653,000,000",cashflow,0.6542191649216067,operating activities,0.4089919364442411
IncomeTaxesPaidNet,"23,568,000,000",income,0.6669157127794366,comprehensive income,0.12526032366793405
AllocatedShareBasedCompensationExpense,"85,418,000,000",income,0.7296096583683842,Operating Expenses,0.3274210424943412
EffectiveIncomeTaxRateReconciliationTaxCreditsResearch,0,income,0.703314034185555,comprehensive income,0.13075449259646843
GoodwillAcquiredDuringPeriod,"357,000,000",cashflow,0.5406255831947651,investing activities,0.1493351089484263
InvestmentIncomeInterest,"4,617,000,000",income,0.6534969345844569,comprehensive income,0.11873807909135559
AdvertisingExpense,"6,730,000,000",income,0.6945125271785104,Operating Expenses,0.18452761695765754
RightOfUseAssetObtainedInExchangeForFinanceLeaseLiability,"992,000,000",cashflow,0.5692253471733517,disclosures,0.257948705476301
IncomeLossFromContinuingOperationsBeforeIncomeTaxesDomestic,"134,866,000,000",income,0.7360585890449478,comprehensive income,0.1294159270900439
IncreaseDecreaseInAccountsPayableTrade,"634,000,000",cashflow,0.6615048518607645,operating activities,0.4153796502222202
CommonStockDividendsPerShareDeclared,2,income,0.6821352822182374,financing activities,0.11544422888407677
NetIncomeLoss,"124,658,000,000",income,0.7745065551750372,net income,0.1669207521617526
FinanceLeasePrincipalPayments,"3,877,000,000",cashflow,0.5292648573025014,financing activities,0.23656431396458874
ComprehensiveIncomeNetOfTax,"122,254,000,000",income,0.7825567714443384,comprehensive income,0.4449785003471281
EffectOfExchangeRateOnCashCashEquivalentsRestrictedCashAndRestrictedCashEquivalents,"-1,311,000,000",cashflow,0.5608883741915046,Operating Expenses,0.10584441055462462
PaymentsToAcquirePropertyPlantAndEquipment,"95,487,000,000",cashflow,0.567168129736046,operating activities,0.22458725915117578
TangibleAssetImpairmentCharges,"3,036,000,000",income,0.6027968211882835,Operating Expenses,0.1256137064982261
IncreaseDecreaseInAccruedLiabilities,"9,704,000,000",cashflow,0.6471728930637833,operating activities,0.3849859284297767
OtherComprehensiveIncomeLossForeignCurrencyTransactionAndTranslationAdjustmentNetOfTax,"-1,979,000,000",income,0.7904752939499337,comprehensive income,0.47104991135890945
LongTermPurchaseCommitmentAmount,"24,970,000,000",income,0.5915399388843802,Operating Expenses,0.13697638001583964
ProceedsFromSaleAndMaturityOfMarketableSecurities,"35,131,000,000",cashflow,0.5692593243091367,investing activities,0.20037172358752334
DepreciationDepletionAndAmortization,"35,362,000,000",income,0.6958733507987096,Operating Expenses,0.22756340042742335
ForeignCurrencyTransactionGainLossBeforeTax,"-1,137,000,000",income,0.7463845464940921,nonoperating expenses,0.19397493678755554
NumberOfReportingUnits,2,income,0.6522760337362097,Operating Expenses,0.1171464338190136
OtherNonoperatingIncomeExpense,"-299,000,000",income,0.7521004403045564,nonoperating expenses,0.29439573106320316
CurrentFederalTaxExpenseBenefit,"20,597,000,000",income,0.709602201577897,Operating Expenses,0.13099234907531582
EffectiveIncomeTaxRateContinuingOperations,0,income,0.7274458841479489,comprehensive income,0.11612768694614971
AdjustmentsToAdditionalPaidInCapitalSharebasedCompensationRequisiteServicePeriodRecognitionValue,"42,709,000,000",cashflow,0.5170222528121933,disclosures,0.22274372587613006
LeaseCost,"9,269,000,000",income,0.7168663387097559,Operating Expenses,0.35098576142042215
UnrecognizedTaxBenefitsDecreasesResultingFromSettlementsWithTaxingAuthorities,"462,000,000",income,0.5911810049537574,operating activities,0.12477081330037941
FinanceLeaseInterestPaymentOnLiability,"59,000,000",income,0.5021573678934675,financing activities,0.2142623887458361
OtherComprehensiveIncomeUnrealizedHoldingGainLossOnSecuritiesArisingDuringPeriodNetOfTax,"-425,000,000",income,0.7566840992984817,comprehensive income,0.3644753301286465
SellingAndMarketingExpense,"38,910,000,000",income,0.6950445180840228,Operating Expenses,0.2555037090410694
EffectiveIncomeTaxRateReconciliationNondeductibleExpenseShareBasedCompensationCost,0,income,0.7529256192915671,Operating Expenses,0.2258487030527161
UnrecognizedTaxBenefitsDecreasesResultingFromPriorPeriodTaxPositions,"441,000,000",income,0.6000969196195484,comprehensive income,0.12568032699993598
EarningsPerShareDiluted,47,income,0.720150030785493,earnings per share,0.17223880983531464
ResearchAndDevelopmentExpense,"117,694,000,000",income,0.7028751409579383,Operating Expenses,0.2588834394659908
PaymentsForProceedsFromOtherInvestingActivities,"-102,000,000",cashflow,0.6138369245197022,investing activities,0.216277928020582
IncomeTaxExpenseBenefit,"22,252,000,000",income,0.7287159399080781,Operating Expenses,0.12204649031175586
AmortizationOfIntangibleAssets,"557,000,000",income,0.6390254275540389,Operating Expenses,0.1524512426804761
DeferredFederalIncomeTaxExpenseBenefit,"-7,418,000,000",income,0.7254441182715959,Operating Expenses,0.11925549144458199
InterestExpenseDebt,"1,263,000,000",income,0.7255700204507225,Operating Expenses,0.17692774979631254
GoodwillOtherIncreaseDecrease,"-18,000,000",cashflow,0.6364577905822457,operating activities,0.2814776313302423
ProceedsFromPaymentsForOtherFinancingActivities,"-44,000,000",cashflow,0.6052881550976448,financing activities,0.19440432997568463
EffectiveIncomeTaxRateReconciliationAtFederalStatutoryIncomeTaxRate,0,income,0.705866054411767,comprehensive income,0.13263345650938452
ShareBasedCompensation,"42,709,000,000",income,0.7152338597422776,Operating Expenses,0.31542678003507585
FinanceLeaseInterestExpense,"59,000,000",income,0.6715667503517021,Operating Expenses,0.2562446303495362
OperatingLeasePayments,"6,717,000,000",income,0.658198701162852,comprehensive income,0.18527378383117352
PaymentsForRepurchaseOfCommonStock,"77,855,000,000",cashflow,0.5219655634329362,financing activities,0.23336988351954735
CurrentForeignTaxExpenseBenefit,"7,312,000,000",income,0.7157674344402234,Operating Expenses,0.1262972667812116
FinanceLeaseRightOfUseAssetAmortization,"1,116,000,000",income,0.6392132340752181,Operating Expenses,0.2519240869828139
CurrentStateAndLocalTaxExpenseBenefit,"2,226,000,000",income,0.7061972012208413,Operating Expenses,0.13049855436229346
IncreaseDecreaseInOtherOperatingAssets,"456,000,000",cashflow,0.6066216450234392,operating activities,0.3532430548842059
NumberOfReportableSegments,2,income,0.6258044345831725,comprehensive income,0.11688108887346385
DividendsCommonStock,"5,121,000,000",income,0.6093023946672179,financing activities,0.14438787109820295
StockholdersEquityOther,"-6,000,000",income,0.6471041631199166,Operating Expenses,0.10660470888229494
InterestCostsCapitalized,"667,000,000",income,0.7058857257503074,nonoperating expenses,0.20225311491814568
